customer_key,customer_id,store_id,first_name,last_name,email
1,1,1,MARY,SMITH,MARY.SMITH@sakilacustomer.org
2,2,1,PATRICIA,JOHNSON,PATRICIA.JOHNSON@sakilacustomer.org
3,3,1,LINDA,WILLIAMS,LINDA.WILLIAMS@sakilacustomer.org
4,4,2,BARBARA,JONES,BARBARA.JONES@sakilacustomer.org
5,5,1,ELIZABETH,BROWN,ELIZABETH.BROWN@sakilacustomer.org
6,6,2,JENNIFER,DAVIS,JENNIFER.DAVIS@sakilacustomer.org
7,7,1,MARIA,MILLER,MARIA.MILLER@sakilacustomer.org
8,8,2,SUSAN,WILSON,SUSAN.WILSON@sakilacustomer.org
9,9,2,MARGARET,MOORE,MARGARET.MOORE@sakilacustomer.org
10,10,1,DOROTHY,TAYLOR,DOROTHY.TAYLOR@sakilacustomer.org
11,11,2,LISA,ANDERSON,LISA.ANDERSON@sakilacustomer.org
12,12,1,NANCY,THOMAS,NANCY.THOMAS@sakilacustomer.org
13,13,2,KAREN,JACKSON,KAREN.JACKSON@sakilacustomer.org
14,14,2,BETTY,WHITE,BETTY.WHITE@sakilacustomer.org
15,15,1,HELEN,HARRIS,HELEN.HARRIS@sakilacustomer.org
16,16,2,SANDRA,MARTIN,SANDRA.MARTIN@sakilacustomer.org
17,17,1,DONNA,THOMPSON,DONNA.THOMPSON@sakilacustomer.org
18,18,2,CAROL,GARCIA,CAROL.GARCIA@sakilacustomer.org
19,19,1,RUTH,MARTINEZ,RUTH.MARTINEZ@sakilacustomer.org
20,20,2,SHARON,ROBINSON,SHARON.ROBINSON@sakilacustomer.org
21,21,1,MICHELLE,CLARK,MICHELLE.CLARK@sakilacustomer.org
22,22,1,LAURA,RODRIGUEZ,LAURA.RODRIGUEZ@sakilacustomer.org
23,23,2,SARAH,LEWIS,SARAH.LEWIS@sakilacustomer.org
24,24,2,KIMBERLY,LEE,KIMBERLY.LEE@sakilacustomer.org
25,25,1,DEBORAH,WALKER,DEBORAH.WALKER@sakilacustomer.org
26,26,2,JESSICA,HALL,JESSICA.HALL@sakilacustomer.org
27,27,2,SHIRLEY,ALLEN,SHIRLEY.ALLEN@sakilacustomer.org
28,28,1,CYNTHIA,YOUNG,CYNTHIA.YOUNG@sakilacustomer.org
29,29,2,ANGELA,HERNANDEZ,ANGELA.HERNANDEZ@sakilacustomer.org
30,30,1,MELISSA,KING,MELISSA.KING@sakilacustomer.org
31,31,2,BRENDA,WRIGHT,BRENDA.WRIGHT@sakilacustomer.org
32,32,1,AMY,LOPEZ,AMY.LOPEZ@sakilacustomer.org
33,33,2,ANNA,HILL,ANNA.HILL@sakilacustomer.org
34,34,2,REBECCA,SCOTT,REBECCA.SCOTT@sakilacustomer.org
35,35,2,VIRGINIA,GREEN,VIRGINIA.GREEN@sakilacustomer.org
36,36,2,KATHLEEN,ADAMS,KATHLEEN.ADAMS@sakilacustomer.org
37,37,1,PAMELA,BAKER,PAMELA.BAKER@sakilacustomer.org
38,38,1,MARTHA,GONZALEZ,MARTHA.GONZALEZ@sakilacustomer.org
39,39,1,DEBRA,NELSON,DEBRA.NELSON@sakilacustomer.org
40,40,2,AMANDA,CARTER,AMANDA.CARTER@sakilacustomer.org
41,41,1,STEPHANIE,MITCHELL,STEPHANIE.MITCHELL@sakilacustomer.org
42,42,2,CAROLYN,PEREZ,CAROLYN.PEREZ@sakilacustomer.org
43,43,2,CHRISTINE,ROBERTS,CHRISTINE.ROBERTS@sakilacustomer.org
44,44,1,MARIE,TURNER,MARIE.TURNER@sakilacustomer.org
45,45,1,JANET,PHILLIPS,JANET.PHILLIPS@sakilacustomer.org
46,46,2,CATHERINE,CAMPBELL,CATHERINE.CAMPBELL@sakilacustomer.org
47,47,1,FRANCES,PARKER,FRANCES.PARKER@sakilacustomer.org
48,48,1,ANN,EVANS,ANN.EVANS@sakilacustomer.org
49,49,2,JOYCE,EDWARDS,JOYCE.EDWARDS@sakilacustomer.org
50,50,1,DIANE,COLLINS,DIANE.COLLINS@sakilacustomer.org
51,51,1,ALICE,STEWART,ALICE.STEWART@sakilacustomer.org
52,52,1,JULIE,SANCHEZ,JULIE.SANCHEZ@sakilacustomer.org
53,53,1,HEATHER,MORRIS,HEATHER.MORRIS@sakilacustomer.org
54,54,1,TERESA,ROGERS,TERESA.ROGERS@sakilacustomer.org
55,55,2,DORIS,REED,DORIS.REED@sakilacustomer.org
56,56,1,GLORIA,COOK,GLORIA.COOK@sakilacustomer.org
57,57,2,EVELYN,MORGAN,EVELYN.MORGAN@sakilacustomer.org
58,58,1,JEAN,BELL,JEAN.BELL@sakilacustomer.org
59,59,1,CHERYL,MURPHY,CHERYL.MURPHY@sakilacustomer.org
60,60,1,MILDRED,BAILEY,MILDRED.BAILEY@sakilacustomer.org
61,61,2,KATHERINE,RIVERA,KATHERINE.RIVERA@sakilacustomer.org
62,62,1,JOAN,COOPER,JOAN.COOPER@sakilacustomer.org
63,63,1,ASHLEY,RICHARDSON,ASHLEY.RICHARDSON@sakilacustomer.org
64,64,2,JUDITH,COX,JUDITH.COX@sakilacustomer.org
65,65,2,ROSE,HOWARD,ROSE.HOWARD@sakilacustomer.org
66,66,2,JANICE,WARD,JANICE.WARD@sakilacustomer.org
67,67,1,KELLY,TORRES,KELLY.TORRES@sakilacustomer.org
68,68,1,NICOLE,PETERSON,NICOLE.PETERSON@sakilacustomer.org
69,69,2,JUDY,GRAY,JUDY.GRAY@sakilacustomer.org
70,70,2,CHRISTINA,RAMIREZ,CHRISTINA.RAMIREZ@sakilacustomer.org
71,71,1,KATHY,JAMES,KATHY.JAMES@sakilacustomer.org
72,72,2,THERESA,WATSON,THERESA.WATSON@sakilacustomer.org
73,73,2,BEVERLY,BROOKS,BEVERLY.BROOKS@sakilacustomer.org
74,74,1,DENISE,KELLY,DENISE.KELLY@sakilacustomer.org
75,75,2,TAMMY,SANDERS,TAMMY.SANDERS@sakilacustomer.org
76,76,2,IRENE,PRICE,IRENE.PRICE@sakilacustomer.org
77,77,2,JANE,BENNETT,JANE.BENNETT@sakilacustomer.org
78,78,1,LORI,WOOD,LORI.WOOD@sakilacustomer.org
79,79,1,RACHEL,BARNES,RACHEL.BARNES@sakilacustomer.org
80,80,1,MARILYN,ROSS,MARILYN.ROSS@sakilacustomer.org
81,81,1,ANDREA,HENDERSON,ANDREA.HENDERSON@sakilacustomer.org
82,82,1,KATHRYN,COLEMAN,KATHRYN.COLEMAN@sakilacustomer.org
83,83,1,LOUISE,JENKINS,LOUISE.JENKINS@sakilacustomer.org
84,84,2,SARA,PERRY,SARA.PERRY@sakilacustomer.org
85,85,2,ANNE,POWELL,ANNE.POWELL@sakilacustomer.org
86,86,2,JACQUELINE,LONG,JACQUELINE.LONG@sakilacustomer.org
87,87,1,WANDA,PATTERSON,WANDA.PATTERSON@sakilacustomer.org
88,88,2,BONNIE,HUGHES,BONNIE.HUGHES@sakilacustomer.org
89,89,1,JULIA,FLORES,JULIA.FLORES@sakilacustomer.org
90,90,2,RUBY,WASHINGTON,RUBY.WASHINGTON@sakilacustomer.org
91,91,2,LOIS,BUTLER,LOIS.BUTLER@sakilacustomer.org
92,92,2,TINA,SIMMONS,TINA.SIMMONS@sakilacustomer.org
93,93,1,PHYLLIS,FOSTER,PHYLLIS.FOSTER@sakilacustomer.org
94,94,1,NORMA,GONZALES,NORMA.GONZALES@sakilacustomer.org
95,95,2,PAULA,BRYANT,PAULA.BRYANT@sakilacustomer.org
96,96,1,DIANA,ALEXANDER,DIANA.ALEXANDER@sakilacustomer.org
97,97,2,ANNIE,RUSSELL,ANNIE.RUSSELL@sakilacustomer.org
98,98,1,LILLIAN,GRIFFIN,LILLIAN.GRIFFIN@sakilacustomer.org
99,99,2,EMILY,DIAZ,EMILY.DIAZ@sakilacustomer.org
100,100,1,ROBIN,HAYES,ROBIN.HAYES@sakilacustomer.org
101,101,1,PEGGY,MYERS,PEGGY.MYERS@sakilacustomer.org
102,102,1,CRYSTAL,FORD,CRYSTAL.FORD@sakilacustomer.org
103,103,1,GLADYS,HAMILTON,GLADYS.HAMILTON@sakilacustomer.org
104,104,1,RITA,GRAHAM,RITA.GRAHAM@sakilacustomer.org
105,105,1,DAWN,SULLIVAN,DAWN.SULLIVAN@sakilacustomer.org
106,106,1,CONNIE,WALLACE,CONNIE.WALLACE@sakilacustomer.org
107,107,1,FLORENCE,WOODS,FLORENCE.WOODS@sakilacustomer.org
108,108,1,TRACY,COLE,TRACY.COLE@sakilacustomer.org
109,109,2,EDNA,WEST,EDNA.WEST@sakilacustomer.org
110,110,2,TIFFANY,JORDAN,TIFFANY.JORDAN@sakilacustomer.org
111,111,1,CARMEN,OWENS,CARMEN.OWENS@sakilacustomer.org
112,112,2,ROSA,REYNOLDS,ROSA.REYNOLDS@sakilacustomer.org
113,113,2,CINDY,FISHER,CINDY.FISHER@sakilacustomer.org
114,114,2,GRACE,ELLIS,GRACE.ELLIS@sakilacustomer.org
115,115,1,WENDY,HARRISON,WENDY.HARRISON@sakilacustomer.org
116,116,1,VICTORIA,GIBSON,VICTORIA.GIBSON@sakilacustomer.org
117,117,1,EDITH,MCDONALD,EDITH.MCDONALD@sakilacustomer.org
118,118,1,KIM,CRUZ,KIM.CRUZ@sakilacustomer.org
119,119,1,SHERRY,MARSHALL,SHERRY.MARSHALL@sakilacustomer.org
120,120,2,SYLVIA,ORTIZ,SYLVIA.ORTIZ@sakilacustomer.org
121,121,1,JOSEPHINE,GOMEZ,JOSEPHINE.GOMEZ@sakilacustomer.org
122,122,1,THELMA,MURRAY,THELMA.MURRAY@sakilacustomer.org
123,123,2,SHANNON,FREEMAN,SHANNON.FREEMAN@sakilacustomer.org
124,124,1,SHEILA,WELLS,SHEILA.WELLS@sakilacustomer.org
125,125,1,ETHEL,WEBB,ETHEL.WEBB@sakilacustomer.org
126,126,1,ELLEN,SIMPSON,ELLEN.SIMPSON@sakilacustomer.org
127,127,2,ELAINE,STEVENS,ELAINE.STEVENS@sakilacustomer.org
128,128,1,MARJORIE,TUCKER,MARJORIE.TUCKER@sakilacustomer.org
129,129,1,CARRIE,PORTER,CARRIE.PORTER@sakilacustomer.org
130,130,1,CHARLOTTE,HUNTER,CHARLOTTE.HUNTER@sakilacustomer.org
131,131,2,MONICA,HICKS,MONICA.HICKS@sakilacustomer.org
132,132,2,ESTHER,CRAWFORD,ESTHER.CRAWFORD@sakilacustomer.org
133,133,1,PAULINE,HENRY,PAULINE.HENRY@sakilacustomer.org
134,134,1,EMMA,BOYD,EMMA.BOYD@sakilacustomer.org
135,135,2,JUANITA,MASON,JUANITA.MASON@sakilacustomer.org
136,136,2,ANITA,MORALES,ANITA.MORALES@sakilacustomer.org
137,137,2,RHONDA,KENNEDY,RHONDA.KENNEDY@sakilacustomer.org
138,138,1,HAZEL,WARREN,HAZEL.WARREN@sakilacustomer.org
139,139,1,AMBER,DIXON,AMBER.DIXON@sakilacustomer.org
140,140,1,EVA,RAMOS,EVA.RAMOS@sakilacustomer.org
141,141,1,DEBBIE,REYES,DEBBIE.REYES@sakilacustomer.org
142,142,1,APRIL,BURNS,APRIL.BURNS@sakilacustomer.org
143,143,1,LESLIE,GORDON,LESLIE.GORDON@sakilacustomer.org
144,144,1,CLARA,SHAW,CLARA.SHAW@sakilacustomer.org
145,145,1,LUCILLE,HOLMES,LUCILLE.HOLMES@sakilacustomer.org
146,146,1,JAMIE,RICE,JAMIE.RICE@sakilacustomer.org
147,147,2,JOANNE,ROBERTSON,JOANNE.ROBERTSON@sakilacustomer.org
148,148,1,ELEANOR,HUNT,ELEANOR.HUNT@sakilacustomer.org
149,149,1,VALERIE,BLACK,VALERIE.BLACK@sakilacustomer.org
150,150,2,DANIELLE,DANIELS,DANIELLE.DANIELS@sakilacustomer.org
151,151,2,MEGAN,PALMER,MEGAN.PALMER@sakilacustomer.org
152,152,1,ALICIA,MILLS,ALICIA.MILLS@sakilacustomer.org
153,153,2,SUZANNE,NICHOLS,SUZANNE.NICHOLS@sakilacustomer.org
154,154,2,MICHELE,GRANT,MICHELE.GRANT@sakilacustomer.org
155,155,1,GAIL,KNIGHT,GAIL.KNIGHT@sakilacustomer.org
156,156,1,BERTHA,FERGUSON,BERTHA.FERGUSON@sakilacustomer.org
157,157,2,DARLENE,ROSE,DARLENE.ROSE@sakilacustomer.org
158,158,1,VERONICA,STONE,VERONICA.STONE@sakilacustomer.org
159,159,1,JILL,HAWKINS,JILL.HAWKINS@sakilacustomer.org
160,160,2,ERIN,DUNN,ERIN.DUNN@sakilacustomer.org
161,161,1,GERALDINE,PERKINS,GERALDINE.PERKINS@sakilacustomer.org
162,162,2,LAUREN,HUDSON,LAUREN.HUDSON@sakilacustomer.org
163,163,1,CATHY,SPENCER,CATHY.SPENCER@sakilacustomer.org
164,164,2,JOANN,GARDNER,JOANN.GARDNER@sakilacustomer.org
165,165,2,LORRAINE,STEPHENS,LORRAINE.STEPHENS@sakilacustomer.org
166,166,1,LYNN,PAYNE,LYNN.PAYNE@sakilacustomer.org
167,167,2,SALLY,PIERCE,SALLY.PIERCE@sakilacustomer.org
168,168,1,REGINA,BERRY,REGINA.BERRY@sakilacustomer.org
169,169,2,ERICA,MATTHEWS,ERICA.MATTHEWS@sakilacustomer.org
170,170,1,BEATRICE,ARNOLD,BEATRICE.ARNOLD@sakilacustomer.org
171,171,2,DOLORES,WAGNER,DOLORES.WAGNER@sakilacustomer.org
172,172,1,BERNICE,WILLIS,BERNICE.WILLIS@sakilacustomer.org
173,173,1,AUDREY,RAY,AUDREY.RAY@sakilacustomer.org
174,174,2,YVONNE,WATKINS,YVONNE.WATKINS@sakilacustomer.org
175,175,1,ANNETTE,OLSON,ANNETTE.OLSON@sakilacustomer.org
176,176,1,JUNE,CARROLL,JUNE.CARROLL@sakilacustomer.org
177,177,2,SAMANTHA,DUNCAN,SAMANTHA.DUNCAN@sakilacustomer.org
178,178,2,MARION,SNYDER,MARION.SNYDER@sakilacustomer.org
179,179,1,DANA,HART,DANA.HART@sakilacustomer.org
180,180,2,STACY,CUNNINGHAM,STACY.CUNNINGHAM@sakilacustomer.org
181,181,2,ANA,BRADLEY,ANA.BRADLEY@sakilacustomer.org
182,182,1,RENEE,LANE,RENEE.LANE@sakilacustomer.org
183,183,2,IDA,ANDREWS,IDA.ANDREWS@sakilacustomer.org
184,184,1,VIVIAN,RUIZ,VIVIAN.RUIZ@sakilacustomer.org
185,185,1,ROBERTA,HARPER,ROBERTA.HARPER@sakilacustomer.org
186,186,2,HOLLY,FOX,HOLLY.FOX@sakilacustomer.org
187,187,2,BRITTANY,RILEY,BRITTANY.RILEY@sakilacustomer.org
188,188,1,MELANIE,ARMSTRONG,MELANIE.ARMSTRONG@sakilacustomer.org
189,189,1,LORETTA,CARPENTER,LORETTA.CARPENTER@sakilacustomer.org
190,190,2,YOLANDA,WEAVER,YOLANDA.WEAVER@sakilacustomer.org
191,191,1,JEANETTE,GREENE,JEANETTE.GREENE@sakilacustomer.org
192,192,1,LAURIE,LAWRENCE,LAURIE.LAWRENCE@sakilacustomer.org
193,193,2,KATIE,ELLIOTT,KATIE.ELLIOTT@sakilacustomer.org
194,194,2,KRISTEN,CHAVEZ,KRISTEN.CHAVEZ@sakilacustomer.org
195,195,1,VANESSA,SIMS,VANESSA.SIMS@sakilacustomer.org
196,196,1,ALMA,AUSTIN,ALMA.AUSTIN@sakilacustomer.org
197,197,2,SUE,PETERS,SUE.PETERS@sakilacustomer.org
198,198,2,ELSIE,KELLEY,ELSIE.KELLEY@sakilacustomer.org
199,199,2,BETH,FRANKLIN,BETH.FRANKLIN@sakilacustomer.org
200,200,2,JEANNE,LAWSON,JEANNE.LAWSON@sakilacustomer.org
201,201,1,VICKI,FIELDS,VICKI.FIELDS@sakilacustomer.org
202,202,2,CARLA,GUTIERREZ,CARLA.GUTIERREZ@sakilacustomer.org
203,203,1,TARA,RYAN,TARA.RYAN@sakilacustomer.org
204,204,1,ROSEMARY,SCHMIDT,ROSEMARY.SCHMIDT@sakilacustomer.org
205,205,2,EILEEN,CARR,EILEEN.CARR@sakilacustomer.org
206,206,1,TERRI,VASQUEZ,TERRI.VASQUEZ@sakilacustomer.org
207,207,1,GERTRUDE,CASTILLO,GERTRUDE.CASTILLO@sakilacustomer.org
208,208,1,LUCY,WHEELER,LUCY.WHEELER@sakilacustomer.org
209,209,2,TONYA,CHAPMAN,TONYA.CHAPMAN@sakilacustomer.org
210,210,2,ELLA,OLIVER,ELLA.OLIVER@sakilacustomer.org
211,211,1,STACEY,MONTGOMERY,STACEY.MONTGOMERY@sakilacustomer.org
212,212,2,WILMA,RICHARDS,WILMA.RICHARDS@sakilacustomer.org
213,213,1,GINA,WILLIAMSON,GINA.WILLIAMSON@sakilacustomer.org
214,214,1,KRISTIN,JOHNSTON,KRISTIN.JOHNSTON@sakilacustomer.org
215,215,2,JESSIE,BANKS,JESSIE.BANKS@sakilacustomer.org
216,216,1,NATALIE,MEYER,NATALIE.MEYER@sakilacustomer.org
217,217,2,AGNES,BISHOP,AGNES.BISHOP@sakilacustomer.org
218,218,1,VERA,MCCOY,VERA.MCCOY@sakilacustomer.org
219,219,2,WILLIE,HOWELL,WILLIE.HOWELL@sakilacustomer.org
220,220,2,CHARLENE,ALVAREZ,CHARLENE.ALVAREZ@sakilacustomer.org
221,221,1,BESSIE,MORRISON,BESSIE.MORRISON@sakilacustomer.org
222,222,2,DELORES,HANSEN,DELORES.HANSEN@sakilacustomer.org
223,223,1,MELINDA,FERNANDEZ,MELINDA.FERNANDEZ@sakilacustomer.org
224,224,2,PEARL,GARZA,PEARL.GARZA@sakilacustomer.org
225,225,1,ARLENE,HARVEY,ARLENE.HARVEY@sakilacustomer.org
226,226,2,MAUREEN,LITTLE,MAUREEN.LITTLE@sakilacustomer.org
227,227,1,COLLEEN,BURTON,COLLEEN.BURTON@sakilacustomer.org
228,228,2,ALLISON,STANLEY,ALLISON.STANLEY@sakilacustomer.org
229,229,1,TAMARA,NGUYEN,TAMARA.NGUYEN@sakilacustomer.org
230,230,2,JOY,GEORGE,JOY.GEORGE@sakilacustomer.org
231,231,1,GEORGIA,JACOBS,GEORGIA.JACOBS@sakilacustomer.org
232,232,2,CONSTANCE,REID,CONSTANCE.REID@sakilacustomer.org
233,233,2,LILLIE,KIM,LILLIE.KIM@sakilacustomer.org
234,234,1,CLAUDIA,FULLER,CLAUDIA.FULLER@sakilacustomer.org
235,235,1,JACKIE,LYNCH,JACKIE.LYNCH@sakilacustomer.org
236,236,1,MARCIA,DEAN,MARCIA.DEAN@sakilacustomer.org
237,237,1,TANYA,GILBERT,TANYA.GILBERT@sakilacustomer.org
238,238,1,NELLIE,GARRETT,NELLIE.GARRETT@sakilacustomer.org
239,239,2,MINNIE,ROMERO,MINNIE.ROMERO@sakilacustomer.org
240,240,1,MARLENE,WELCH,MARLENE.WELCH@sakilacustomer.org
241,241,2,HEIDI,LARSON,HEIDI.LARSON@sakilacustomer.org
242,242,1,GLENDA,FRAZIER,GLENDA.FRAZIER@sakilacustomer.org
243,243,1,LYDIA,BURKE,LYDIA.BURKE@sakilacustomer.org
244,244,2,VIOLA,HANSON,VIOLA.HANSON@sakilacustomer.org
245,245,1,COURTNEY,DAY,COURTNEY.DAY@sakilacustomer.org
246,246,1,MARIAN,MENDOZA,MARIAN.MENDOZA@sakilacustomer.org
247,247,1,STELLA,MORENO,STELLA.MORENO@sakilacustomer.org
248,248,1,CAROLINE,BOWMAN,CAROLINE.BOWMAN@sakilacustomer.org
249,249,2,DORA,MEDINA,DORA.MEDINA@sakilacustomer.org
250,250,2,JO,FOWLER,JO.FOWLER@sakilacustomer.org
251,251,2,VICKIE,BREWER,VICKIE.BREWER@sakilacustomer.org
252,252,2,MATTIE,HOFFMAN,MATTIE.HOFFMAN@sakilacustomer.org
253,253,1,TERRY,CARLSON,TERRY.CARLSON@sakilacustomer.org
254,254,2,MAXINE,SILVA,MAXINE.SILVA@sakilacustomer.org
255,255,2,IRMA,PEARSON,IRMA.PEARSON@sakilacustomer.org
256,256,2,MABEL,HOLLAND,MABEL.HOLLAND@sakilacustomer.org
257,257,2,MARSHA,DOUGLAS,MARSHA.DOUGLAS@sakilacustomer.org
258,258,1,MYRTLE,FLEMING,MYRTLE.FLEMING@sakilacustomer.org
259,259,2,LENA,JENSEN,LENA.JENSEN@sakilacustomer.org
260,260,1,CHRISTY,VARGAS,CHRISTY.VARGAS@sakilacustomer.org
261,261,1,DEANNA,BYRD,DEANNA.BYRD@sakilacustomer.org
262,262,2,PATSY,DAVIDSON,PATSY.DAVIDSON@sakilacustomer.org
263,263,1,HILDA,HOPKINS,HILDA.HOPKINS@sakilacustomer.org
264,264,1,GWENDOLYN,MAY,GWENDOLYN.MAY@sakilacustomer.org
265,265,2,JENNIE,TERRY,JENNIE.TERRY@sakilacustomer.org
266,266,2,NORA,HERRERA,NORA.HERRERA@sakilacustomer.org
267,267,1,MARGIE,WADE,MARGIE.WADE@sakilacustomer.org
268,268,1,NINA,SOTO,NINA.SOTO@sakilacustomer.org
269,269,1,CASSANDRA,WALTERS,CASSANDRA.WALTERS@sakilacustomer.org
270,270,1,LEAH,CURTIS,LEAH.CURTIS@sakilacustomer.org
271,271,1,PENNY,NEAL,PENNY.NEAL@sakilacustomer.org
272,272,1,KAY,CALDWELL,KAY.CALDWELL@sakilacustomer.org
273,273,2,PRISCILLA,LOWE,PRISCILLA.LOWE@sakilacustomer.org
274,274,1,NAOMI,JENNINGS,NAOMI.JENNINGS@sakilacustomer.org
275,275,2,CAROLE,BARNETT,CAROLE.BARNETT@sakilacustomer.org
276,276,1,BRANDY,GRAVES,BRANDY.GRAVES@sakilacustomer.org
277,277,2,OLGA,JIMENEZ,OLGA.JIMENEZ@sakilacustomer.org
278,278,2,BILLIE,HORTON,BILLIE.HORTON@sakilacustomer.org
279,279,2,DIANNE,SHELTON,DIANNE.SHELTON@sakilacustomer.org
280,280,2,TRACEY,BARRETT,TRACEY.BARRETT@sakilacustomer.org
281,281,2,LEONA,OBRIEN,LEONA.OBRIEN@sakilacustomer.org
282,282,2,JENNY,CASTRO,JENNY.CASTRO@sakilacustomer.org
283,283,1,FELICIA,SUTTON,FELICIA.SUTTON@sakilacustomer.org
284,284,1,SONIA,GREGORY,SONIA.GREGORY@sakilacustomer.org
285,285,1,MIRIAM,MCKINNEY,MIRIAM.MCKINNEY@sakilacustomer.org
286,286,1,VELMA,LUCAS,VELMA.LUCAS@sakilacustomer.org
287,287,2,BECKY,MILES,BECKY.MILES@sakilacustomer.org
288,288,1,BOBBIE,CRAIG,BOBBIE.CRAIG@sakilacustomer.org
289,289,1,VIOLET,RODRIQUEZ,VIOLET.RODRIQUEZ@sakilacustomer.org
290,290,1,KRISTINA,CHAMBERS,KRISTINA.CHAMBERS@sakilacustomer.org
291,291,1,TONI,HOLT,TONI.HOLT@sakilacustomer.org
292,292,2,MISTY,LAMBERT,MISTY.LAMBERT@sakilacustomer.org
293,293,2,MAE,FLETCHER,MAE.FLETCHER@sakilacustomer.org
294,294,2,SHELLY,WATTS,SHELLY.WATTS@sakilacustomer.org
295,295,1,DAISY,BATES,DAISY.BATES@sakilacustomer.org
296,296,2,RAMONA,HALE,RAMONA.HALE@sakilacustomer.org
297,297,1,SHERRI,RHODES,SHERRI.RHODES@sakilacustomer.org
298,298,1,ERIKA,PENA,ERIKA.PENA@sakilacustomer.org
299,299,2,JAMES,GANNON,JAMES.GANNON@sakilacustomer.org
300,300,1,JOHN,FARNSWORTH,JOHN.FARNSWORTH@sakilacustomer.org
301,301,2,ROBERT,BAUGHMAN,ROBERT.BAUGHMAN@sakilacustomer.org
302,302,1,MICHAEL,SILVERMAN,MICHAEL.SILVERMAN@sakilacustomer.org
303,303,2,WILLIAM,SATTERFIELD,WILLIAM.SATTERFIELD@sakilacustomer.org
304,304,2,DAVID,ROYAL,DAVID.ROYAL@sakilacustomer.org
305,305,1,RICHARD,MCCRARY,RICHARD.MCCRARY@sakilacustomer.org
306,306,1,CHARLES,KOWALSKI,CHARLES.KOWALSKI@sakilacustomer.org
307,307,2,JOSEPH,JOY,JOSEPH.JOY@sakilacustomer.org
308,308,1,THOMAS,GRIGSBY,THOMAS.GRIGSBY@sakilacustomer.org
309,309,1,CHRISTOPHER,GRECO,CHRISTOPHER.GRECO@sakilacustomer.org
310,310,2,DANIEL,CABRAL,DANIEL.CABRAL@sakilacustomer.org
311,311,2,PAUL,TROUT,PAUL.TROUT@sakilacustomer.org
312,312,2,MARK,RINEHART,MARK.RINEHART@sakilacustomer.org
313,313,2,DONALD,MAHON,DONALD.MAHON@sakilacustomer.org
314,314,1,GEORGE,LINTON,GEORGE.LINTON@sakilacustomer.org
315,315,2,KENNETH,GOODEN,KENNETH.GOODEN@sakilacustomer.org
316,316,1,STEVEN,CURLEY,STEVEN.CURLEY@sakilacustomer.org
317,317,2,EDWARD,BAUGH,EDWARD.BAUGH@sakilacustomer.org
318,318,1,BRIAN,WYMAN,BRIAN.WYMAN@sakilacustomer.org
319,319,2,RONALD,WEINER,RONALD.WEINER@sakilacustomer.org
320,320,2,ANTHONY,SCHWAB,ANTHONY.SCHWAB@sakilacustomer.org
321,321,1,KEVIN,SCHULER,KEVIN.SCHULER@sakilacustomer.org
322,322,1,JASON,MORRISSEY,JASON.MORRISSEY@sakilacustomer.org
323,323,2,MATTHEW,MAHAN,MATTHEW.MAHAN@sakilacustomer.org
324,324,2,GARY,COY,GARY.COY@sakilacustomer.org
325,325,1,TIMOTHY,BUNN,TIMOTHY.BUNN@sakilacustomer.org
326,326,1,JOSE,ANDREW,JOSE.ANDREW@sakilacustomer.org
327,327,2,LARRY,THRASHER,LARRY.THRASHER@sakilacustomer.org
328,328,2,JEFFREY,SPEAR,JEFFREY.SPEAR@sakilacustomer.org
329,329,2,FRANK,WAGGONER,FRANK.WAGGONER@sakilacustomer.org
330,330,1,SCOTT,SHELLEY,SCOTT.SHELLEY@sakilacustomer.org
331,331,1,ERIC,ROBERT,ERIC.ROBERT@sakilacustomer.org
332,332,1,STEPHEN,QUALLS,STEPHEN.QUALLS@sakilacustomer.org
333,333,2,ANDREW,PURDY,ANDREW.PURDY@sakilacustomer.org
334,334,2,RAYMOND,MCWHORTER,RAYMOND.MCWHORTER@sakilacustomer.org
335,335,1,GREGORY,MAULDIN,GREGORY.MAULDIN@sakilacustomer.org
336,336,1,JOSHUA,MARK,JOSHUA.MARK@sakilacustomer.org
337,337,1,JERRY,JORDON,JERRY.JORDON@sakilacustomer.org
338,338,1,DENNIS,GILMAN,DENNIS.GILMAN@sakilacustomer.org
339,339,2,WALTER,PERRYMAN,WALTER.PERRYMAN@sakilacustomer.org
340,340,1,PATRICK,NEWSOM,PATRICK.NEWSOM@sakilacustomer.org
341,341,1,PETER,MENARD,PETER.MENARD@sakilacustomer.org
342,342,1,HAROLD,MARTINO,HAROLD.MARTINO@sakilacustomer.org
343,343,1,DOUGLAS,GRAF,DOUGLAS.GRAF@sakilacustomer.org
344,344,1,HENRY,BILLINGSLEY,HENRY.BILLINGSLEY@sakilacustomer.org
345,345,1,CARL,ARTIS,CARL.ARTIS@sakilacustomer.org
346,346,1,ARTHUR,SIMPKINS,ARTHUR.SIMPKINS@sakilacustomer.org
347,347,2,RYAN,SALISBURY,RYAN.SALISBURY@sakilacustomer.org
348,348,2,ROGER,QUINTANILLA,ROGER.QUINTANILLA@sakilacustomer.org
349,349,2,JOE,GILLILAND,JOE.GILLILAND@sakilacustomer.org
350,350,1,JUAN,FRALEY,JUAN.FRALEY@sakilacustomer.org
351,351,1,JACK,FOUST,JACK.FOUST@sakilacustomer.org
352,352,1,ALBERT,CROUSE,ALBERT.CROUSE@sakilacustomer.org
353,353,1,JONATHAN,SCARBOROUGH,JONATHAN.SCARBOROUGH@sakilacustomer.org
354,354,2,JUSTIN,NGO,JUSTIN.NGO@sakilacustomer.org
355,355,2,TERRY,GRISSOM,TERRY.GRISSOM@sakilacustomer.org
356,356,2,GERALD,FULTZ,GERALD.FULTZ@sakilacustomer.org
357,357,1,KEITH,RICO,KEITH.RICO@sakilacustomer.org
358,358,2,SAMUEL,MARLOW,SAMUEL.MARLOW@sakilacustomer.org
359,359,2,WILLIE,MARKHAM,WILLIE.MARKHAM@sakilacustomer.org
360,360,2,RALPH,MADRIGAL,RALPH.MADRIGAL@sakilacustomer.org
361,361,2,LAWRENCE,LAWTON,LAWRENCE.LAWTON@sakilacustomer.org
362,362,1,NICHOLAS,BARFIELD,NICHOLAS.BARFIELD@sakilacustomer.org
363,363,2,ROY,WHITING,ROY.WHITING@sakilacustomer.org
364,364,1,BENJAMIN,VARNEY,BENJAMIN.VARNEY@sakilacustomer.org
365,365,2,BRUCE,SCHWARZ,BRUCE.SCHWARZ@sakilacustomer.org
366,366,1,BRANDON,HUEY,BRANDON.HUEY@sakilacustomer.org
367,367,1,ADAM,GOOCH,ADAM.GOOCH@sakilacustomer.org
368,368,1,HARRY,ARCE,HARRY.ARCE@sakilacustomer.org
369,369,2,FRED,WHEAT,FRED.WHEAT@sakilacustomer.org
370,370,2,WAYNE,TRUONG,WAYNE.TRUONG@sakilacustomer.org
371,371,1,BILLY,POULIN,BILLY.POULIN@sakilacustomer.org
372,372,2,STEVE,MACKENZIE,STEVE.MACKENZIE@sakilacustomer.org
373,373,1,LOUIS,LEONE,LOUIS.LEONE@sakilacustomer.org
374,374,2,JEREMY,HURTADO,JEREMY.HURTADO@sakilacustomer.org
375,375,2,AARON,SELBY,AARON.SELBY@sakilacustomer.org
376,376,1,RANDY,GAITHER,RANDY.GAITHER@sakilacustomer.org
377,377,1,HOWARD,FORTNER,HOWARD.FORTNER@sakilacustomer.org
378,378,1,EUGENE,CULPEPPER,EUGENE.CULPEPPER@sakilacustomer.org
379,379,1,CARLOS,COUGHLIN,CARLOS.COUGHLIN@sakilacustomer.org
380,380,1,RUSSELL,BRINSON,RUSSELL.BRINSON@sakilacustomer.org
381,381,2,BOBBY,BOUDREAU,BOBBY.BOUDREAU@sakilacustomer.org
382,382,2,VICTOR,BARKLEY,VICTOR.BARKLEY@sakilacustomer.org
383,383,1,MARTIN,BALES,MARTIN.BALES@sakilacustomer.org
384,384,2,ERNEST,STEPP,ERNEST.STEPP@sakilacustomer.org
385,385,1,PHILLIP,HOLM,PHILLIP.HOLM@sakilacustomer.org
386,386,1,TODD,TAN,TODD.TAN@sakilacustomer.org
387,387,2,JESSE,SCHILLING,JESSE.SCHILLING@sakilacustomer.org
388,388,2,CRAIG,MORRELL,CRAIG.MORRELL@sakilacustomer.org
389,389,1,ALAN,KAHN,ALAN.KAHN@sakilacustomer.org
390,390,1,SHAWN,HEATON,SHAWN.HEATON@sakilacustomer.org
391,391,1,CLARENCE,GAMEZ,CLARENCE.GAMEZ@sakilacustomer.org
392,392,2,SEAN,DOUGLASS,SEAN.DOUGLASS@sakilacustomer.org
393,393,1,PHILIP,CAUSEY,PHILIP.CAUSEY@sakilacustomer.org
394,394,2,CHRIS,BROTHERS,CHRIS.BROTHERS@sakilacustomer.org
395,395,2,JOHNNY,TURPIN,JOHNNY.TURPIN@sakilacustomer.org
396,396,1,EARL,SHANKS,EARL.SHANKS@sakilacustomer.org
397,397,1,JIMMY,SCHRADER,JIMMY.SCHRADER@sakilacustomer.org
398,398,1,ANTONIO,MEEK,ANTONIO.MEEK@sakilacustomer.org
399,399,1,DANNY,ISOM,DANNY.ISOM@sakilacustomer.org
400,400,2,BRYAN,HARDISON,BRYAN.HARDISON@sakilacustomer.org
401,401,2,TONY,CARRANZA,TONY.CARRANZA@sakilacustomer.org
402,402,1,LUIS,YANEZ,LUIS.YANEZ@sakilacustomer.org
403,403,1,MIKE,WAY,MIKE.WAY@sakilacustomer.org
404,404,2,STANLEY,SCROGGINS,STANLEY.SCROGGINS@sakilacustomer.org
405,405,1,LEONARD,SCHOFIELD,LEONARD.SCHOFIELD@sakilacustomer.org
406,406,1,NATHAN,RUNYON,NATHAN.RUNYON@sakilacustomer.org
407,407,1,DALE,RATCLIFF,DALE.RATCLIFF@sakilacustomer.org
408,408,1,MANUEL,MURRELL,MANUEL.MURRELL@sakilacustomer.org
409,409,2,RODNEY,MOELLER,RODNEY.MOELLER@sakilacustomer.org
410,410,2,CURTIS,IRBY,CURTIS.IRBY@sakilacustomer.org
411,411,1,NORMAN,CURRIER,NORMAN.CURRIER@sakilacustomer.org
412,412,2,ALLEN,BUTTERFIELD,ALLEN.BUTTERFIELD@sakilacustomer.org
413,413,2,MARVIN,YEE,MARVIN.YEE@sakilacustomer.org
414,414,1,VINCENT,RALSTON,VINCENT.RALSTON@sakilacustomer.org
415,415,1,GLENN,PULLEN,GLENN.PULLEN@sakilacustomer.org
416,416,2,JEFFERY,PINSON,JEFFERY.PINSON@sakilacustomer.org
417,417,1,TRAVIS,ESTEP,TRAVIS.ESTEP@sakilacustomer.org
418,418,2,JEFF,EAST,JEFF.EAST@sakilacustomer.org
419,419,1,CHAD,CARBONE,CHAD.CARBONE@sakilacustomer.org
420,420,1,JACOB,LANCE,JACOB.LANCE@sakilacustomer.org
421,421,1,LEE,HAWKS,LEE.HAWKS@sakilacustomer.org
422,422,1,MELVIN,ELLINGTON,MELVIN.ELLINGTON@sakilacustomer.org
423,423,2,ALFRED,CASILLAS,ALFRED.CASILLAS@sakilacustomer.org
424,424,2,KYLE,SPURLOCK,KYLE.SPURLOCK@sakilacustomer.org
425,425,2,FRANCIS,SIKES,FRANCIS.SIKES@sakilacustomer.org
426,426,1,BRADLEY,MOTLEY,BRADLEY.MOTLEY@sakilacustomer.org
427,427,2,JESUS,MCCARTNEY,JESUS.MCCARTNEY@sakilacustomer.org
428,428,2,HERBERT,KRUGER,HERBERT.KRUGER@sakilacustomer.org
429,429,2,FREDERICK,ISBELL,FREDERICK.ISBELL@sakilacustomer.org
430,430,1,RAY,HOULE,RAY.HOULE@sakilacustomer.org
431,431,2,JOEL,FRANCISCO,JOEL.FRANCISCO@sakilacustomer.org
432,432,1,EDWIN,BURK,EDWIN.BURK@sakilacustomer.org
433,433,1,DON,BONE,DON.BONE@sakilacustomer.org
434,434,1,EDDIE,TOMLIN,EDDIE.TOMLIN@sakilacustomer.org
435,435,2,RICKY,SHELBY,RICKY.SHELBY@sakilacustomer.org
436,436,1,TROY,QUIGLEY,TROY.QUIGLEY@sakilacustomer.org
437,437,2,RANDALL,NEUMANN,RANDALL.NEUMANN@sakilacustomer.org
438,438,1,BARRY,LOVELACE,BARRY.LOVELACE@sakilacustomer.org
439,439,2,ALEXANDER,FENNELL,ALEXANDER.FENNELL@sakilacustomer.org
440,440,1,BERNARD,COLBY,BERNARD.COLBY@sakilacustomer.org
441,441,1,MARIO,CHEATHAM,MARIO.CHEATHAM@sakilacustomer.org
442,442,1,LEROY,BUSTAMANTE,LEROY.BUSTAMANTE@sakilacustomer.org
443,443,2,FRANCISCO,SKIDMORE,FRANCISCO.SKIDMORE@sakilacustomer.org
444,444,2,MARCUS,HIDALGO,MARCUS.HIDALGO@sakilacustomer.org
445,445,1,MICHEAL,FORMAN,MICHEAL.FORMAN@sakilacustomer.org
446,446,2,THEODORE,CULP,THEODORE.CULP@sakilacustomer.org
447,447,1,CLIFFORD,BOWENS,CLIFFORD.BOWENS@sakilacustomer.org
448,448,1,MIGUEL,BETANCOURT,MIGUEL.BETANCOURT@sakilacustomer.org
449,449,2,OSCAR,AQUINO,OSCAR.AQUINO@sakilacustomer.org
450,450,1,JAY,ROBB,JAY.ROBB@sakilacustomer.org
451,451,1,JIM,REA,JIM.REA@sakilacustomer.org
452,452,1,TOM,MILNER,TOM.MILNER@sakilacustomer.org
453,453,1,CALVIN,MARTEL,CALVIN.MARTEL@sakilacustomer.org
454,454,2,ALEX,GRESHAM,ALEX.GRESHAM@sakilacustomer.org
455,455,2,JON,WILES,JON.WILES@sakilacustomer.org
456,456,2,RONNIE,RICKETTS,RONNIE.RICKETTS@sakilacustomer.org
457,457,2,BILL,GAVIN,BILL.GAVIN@sakilacustomer.org
458,458,1,LLOYD,DOWD,LLOYD.DOWD@sakilacustomer.org
459,459,1,TOMMY,COLLAZO,TOMMY.COLLAZO@sakilacustomer.org
460,460,1,LEON,BOSTIC,LEON.BOSTIC@sakilacustomer.org
461,461,1,DEREK,BLAKELY,DEREK.BLAKELY@sakilacustomer.org
462,462,2,WARREN,SHERROD,WARREN.SHERROD@sakilacustomer.org
463,463,2,DARRELL,POWER,DARRELL.POWER@sakilacustomer.org
464,464,1,JEROME,KENYON,JEROME.KENYON@sakilacustomer.org
465,465,1,FLOYD,GANDY,FLOYD.GANDY@sakilacustomer.org
466,466,1,LEO,EBERT,LEO.EBERT@sakilacustomer.org
467,467,2,ALVIN,DELOACH,ALVIN.DELOACH@sakilacustomer.org
468,468,1,TIM,CARY,TIM.CARY@sakilacustomer.org
469,469,2,WESLEY,BULL,WESLEY.BULL@sakilacustomer.org
470,470,1,GORDON,ALLARD,GORDON.ALLARD@sakilacustomer.org
471,471,1,DEAN,SAUER,DEAN.SAUER@sakilacustomer.org
472,472,1,GREG,ROBINS,GREG.ROBINS@sakilacustomer.org
473,473,2,JORGE,OLIVARES,JORGE.OLIVARES@sakilacustomer.org
474,474,2,DUSTIN,GILLETTE,DUSTIN.GILLETTE@sakilacustomer.org
475,475,2,PEDRO,CHESTNUT,PEDRO.CHESTNUT@sakilacustomer.org
476,476,1,DERRICK,BOURQUE,DERRICK.BOURQUE@sakilacustomer.org
477,477,1,DAN,PAINE,DAN.PAINE@sakilacustomer.org
478,478,1,LEWIS,LYMAN,LEWIS.LYMAN@sakilacustomer.org
479,479,1,ZACHARY,HITE,ZACHARY.HITE@sakilacustomer.org
480,480,1,COREY,HAUSER,COREY.HAUSER@sakilacustomer.org
481,481,1,HERMAN,DEVORE,HERMAN.DEVORE@sakilacustomer.org
482,482,1,MAURICE,CRAWLEY,MAURICE.CRAWLEY@sakilacustomer.org
483,483,2,VERNON,CHAPA,VERNON.CHAPA@sakilacustomer.org
484,484,1,ROBERTO,VU,ROBERTO.VU@sakilacustomer.org
485,485,1,CLYDE,TOBIAS,CLYDE.TOBIAS@sakilacustomer.org
486,486,1,GLEN,TALBERT,GLEN.TALBERT@sakilacustomer.org
487,487,2,HECTOR,POINDEXTER,HECTOR.POINDEXTER@sakilacustomer.org
488,488,2,SHANE,MILLARD,SHANE.MILLARD@sakilacustomer.org
489,489,1,RICARDO,MEADOR,RICARDO.MEADOR@sakilacustomer.org
490,490,1,SAM,MCDUFFIE,SAM.MCDUFFIE@sakilacustomer.org
491,491,2,RICK,MATTOX,RICK.MATTOX@sakilacustomer.org
492,492,2,LESTER,KRAUS,LESTER.KRAUS@sakilacustomer.org
493,493,1,BRENT,HARKINS,BRENT.HARKINS@sakilacustomer.org
494,494,2,RAMON,CHOATE,RAMON.CHOATE@sakilacustomer.org
495,495,2,CHARLIE,BESS,CHARLIE.BESS@sakilacustomer.org
496,496,2,TYLER,WREN,TYLER.WREN@sakilacustomer.org
497,497,2,GILBERT,SLEDGE,GILBERT.SLEDGE@sakilacustomer.org
498,498,1,GENE,SANBORN,GENE.SANBORN@sakilacustomer.org
499,499,2,MARC,OUTLAW,MARC.OUTLAW@sakilacustomer.org
500,500,1,REGINALD,KINDER,REGINALD.KINDER@sakilacustomer.org
501,501,1,RUBEN,GEARY,RUBEN.GEARY@sakilacustomer.org
502,502,1,BRETT,CORNWELL,BRETT.CORNWELL@sakilacustomer.org
503,503,1,ANGEL,BARCLAY,ANGEL.BARCLAY@sakilacustomer.org
504,504,1,NATHANIEL,ADAM,NATHANIEL.ADAM@sakilacustomer.org
505,505,1,RAFAEL,ABNEY,RAFAEL.ABNEY@sakilacustomer.org
506,506,2,LESLIE,SEWARD,LESLIE.SEWARD@sakilacustomer.org
507,507,2,EDGAR,RHOADS,EDGAR.RHOADS@sakilacustomer.org
508,508,2,MILTON,HOWLAND,MILTON.HOWLAND@sakilacustomer.org
509,509,1,RAUL,FORTIER,RAUL.FORTIER@sakilacustomer.org
510,510,2,BEN,EASTER,BEN.EASTER@sakilacustomer.org
511,511,1,CHESTER,BENNER,CHESTER.BENNER@sakilacustomer.org
512,512,1,CECIL,VINES,CECIL.VINES@sakilacustomer.org
513,513,2,DUANE,TUBBS,DUANE.TUBBS@sakilacustomer.org
514,514,2,FRANKLIN,TROUTMAN,FRANKLIN.TROUTMAN@sakilacustomer.org
515,515,1,ANDRE,RAPP,ANDRE.RAPP@sakilacustomer.org
516,516,2,ELMER,NOE,ELMER.NOE@sakilacustomer.org
517,517,2,BRAD,MCCURDY,BRAD.MCCURDY@sakilacustomer.org
518,518,1,GABRIEL,HARDER,GABRIEL.HARDER@sakilacustomer.org
519,519,2,RON,DELUCA,RON.DELUCA@sakilacustomer.org
520,520,2,MITCHELL,WESTMORELAND,MITCHELL.WESTMORELAND@sakilacustomer.org
521,521,2,ROLAND,SOUTH,ROLAND.SOUTH@sakilacustomer.org
522,522,2,ARNOLD,HAVENS,ARNOLD.HAVENS@sakilacustomer.org
523,523,1,HARVEY,GUAJARDO,HARVEY.GUAJARDO@sakilacustomer.org
524,524,1,JARED,ELY,JARED.ELY@sakilacustomer.org
525,525,2,ADRIAN,CLARY,ADRIAN.CLARY@sakilacustomer.org
526,526,2,KARL,SEAL,KARL.SEAL@sakilacustomer.org
527,527,1,CORY,MEEHAN,CORY.MEEHAN@sakilacustomer.org
528,528,1,CLAUDE,HERZOG,CLAUDE.HERZOG@sakilacustomer.org
529,529,2,ERIK,GUILLEN,ERIK.GUILLEN@sakilacustomer.org
530,530,2,DARRYL,ASHCRAFT,DARRYL.ASHCRAFT@sakilacustomer.org
531,531,2,JAMIE,WAUGH,JAMIE.WAUGH@sakilacustomer.org
532,532,2,NEIL,RENNER,NEIL.RENNER@sakilacustomer.org
533,533,1,JESSIE,MILAM,JESSIE.MILAM@sakilacustomer.org
534,534,1,CHRISTIAN,JUNG,CHRISTIAN.JUNG@sakilacustomer.org
535,535,1,JAVIER,ELROD,JAVIER.ELROD@sakilacustomer.org
536,536,2,FERNANDO,CHURCHILL,FERNANDO.CHURCHILL@sakilacustomer.org
537,537,2,CLINTON,BUFORD,CLINTON.BUFORD@sakilacustomer.org
538,538,2,TED,BREAUX,TED.BREAUX@sakilacustomer.org
539,539,1,MATHEW,BOLIN,MATHEW.BOLIN@sakilacustomer.org
540,540,1,TYRONE,ASHER,TYRONE.ASHER@sakilacustomer.org
541,541,2,DARREN,WINDHAM,DARREN.WINDHAM@sakilacustomer.org
542,542,2,LONNIE,TIRADO,LONNIE.TIRADO@sakilacustomer.org
543,543,1,LANCE,PEMBERTON,LANCE.PEMBERTON@sakilacustomer.org
544,544,2,CODY,NOLEN,CODY.NOLEN@sakilacustomer.org
545,545,2,JULIO,NOLAND,JULIO.NOLAND@sakilacustomer.org
546,546,1,KELLY,KNOTT,KELLY.KNOTT@sakilacustomer.org
547,547,1,KURT,EMMONS,KURT.EMMONS@sakilacustomer.org
548,548,1,ALLAN,CORNISH,ALLAN.CORNISH@sakilacustomer.org
549,549,1,NELSON,CHRISTENSON,NELSON.CHRISTENSON@sakilacustomer.org
550,550,2,GUY,BROWNLEE,GUY.BROWNLEE@sakilacustomer.org
551,551,2,CLAYTON,BARBEE,CLAYTON.BARBEE@sakilacustomer.org
552,552,2,HUGH,WALDROP,HUGH.WALDROP@sakilacustomer.org
553,553,1,MAX,PITT,MAX.PITT@sakilacustomer.org
554,554,1,DWAYNE,OLVERA,DWAYNE.OLVERA@sakilacustomer.org
555,555,1,DWIGHT,LOMBARDI,DWIGHT.LOMBARDI@sakilacustomer.org
556,556,2,ARMANDO,GRUBER,ARMANDO.GRUBER@sakilacustomer.org
557,557,1,FELIX,GAFFNEY,FELIX.GAFFNEY@sakilacustomer.org
558,558,1,JIMMIE,EGGLESTON,JIMMIE.EGGLESTON@sakilacustomer.org
559,559,2,EVERETT,BANDA,EVERETT.BANDA@sakilacustomer.org
560,560,1,JORDAN,ARCHULETA,JORDAN.ARCHULETA@sakilacustomer.org
561,561,2,IAN,STILL,IAN.STILL@sakilacustomer.org
562,562,1,WALLACE,SLONE,WALLACE.SLONE@sakilacustomer.org
563,563,2,KEN,PREWITT,KEN.PREWITT@sakilacustomer.org
564,564,2,BOB,PFEIFFER,BOB.PFEIFFER@sakilacustomer.org
565,565,2,JAIME,NETTLES,JAIME.NETTLES@sakilacustomer.org
566,566,1,CASEY,MENA,CASEY.MENA@sakilacustomer.org
567,567,2,ALFREDO,MCADAMS,ALFREDO.MCADAMS@sakilacustomer.org
568,568,2,ALBERTO,HENNING,ALBERTO.HENNING@sakilacustomer.org
569,569,2,DAVE,GARDINER,DAVE.GARDINER@sakilacustomer.org
570,570,2,IVAN,CROMWELL,IVAN.CROMWELL@sakilacustomer.org
571,571,2,JOHNNIE,CHISHOLM,JOHNNIE.CHISHOLM@sakilacustomer.org
572,572,1,SIDNEY,BURLESON,SIDNEY.BURLESON@sakilacustomer.org
573,573,1,BYRON,BOX,BYRON.BOX@sakilacustomer.org
574,574,2,JULIAN,VEST,JULIAN.VEST@sakilacustomer.org
575,575,2,ISAAC,OGLESBY,ISAAC.OGLESBY@sakilacustomer.org
576,576,2,MORRIS,MCCARTER,MORRIS.MCCARTER@sakilacustomer.org
577,577,2,CLIFTON,MALCOLM,CLIFTON.MALCOLM@sakilacustomer.org
578,578,2,WILLARD,LUMPKIN,WILLARD.LUMPKIN@sakilacustomer.org
579,579,2,DARYL,LARUE,DARYL.LARUE@sakilacustomer.org
580,580,1,ROSS,GREY,ROSS.GREY@sakilacustomer.org
581,581,1,VIRGIL,WOFFORD,VIRGIL.WOFFORD@sakilacustomer.org
582,582,2,ANDY,VANHORN,ANDY.VANHORN@sakilacustomer.org
583,583,1,MARSHALL,THORN,MARSHALL.THORN@sakilacustomer.org
584,584,2,SALVADOR,TEEL,SALVADOR.TEEL@sakilacustomer.org
585,585,1,PERRY,SWAFFORD,PERRY.SWAFFORD@sakilacustomer.org
586,586,1,KIRK,STCLAIR,KIRK.STCLAIR@sakilacustomer.org
587,587,1,SERGIO,STANFIELD,SERGIO.STANFIELD@sakilacustomer.org
588,588,1,MARION,OCAMPO,MARION.OCAMPO@sakilacustomer.org
589,589,1,TRACY,HERRMANN,TRACY.HERRMANN@sakilacustomer.org
590,590,2,SETH,HANNON,SETH.HANNON@sakilacustomer.org
591,591,1,KENT,ARSENAULT,KENT.ARSENAULT@sakilacustomer.org
592,592,1,TERRANCE,ROUSH,TERRANCE.ROUSH@sakilacustomer.org
593,593,2,RENE,MCALISTER,RENE.MCALISTER@sakilacustomer.org
594,594,1,EDUARDO,HIATT,EDUARDO.HIATT@sakilacustomer.org
595,595,1,TERRENCE,GUNDERSON,TERRENCE.GUNDERSON@sakilacustomer.org
596,596,1,ENRIQUE,FORSYTHE,ENRIQUE.FORSYTHE@sakilacustomer.org
597,597,1,FREDDIE,DUGGAN,FREDDIE.DUGGAN@sakilacustomer.org
598,598,1,WADE,DELVALLE,WADE.DELVALLE@sakilacustomer.org
599,599,2,AUSTIN,CINTRON,AUSTIN.CINTRON@sakilacustomer.org
